time,line,phase,current_a,loading_pct,loss_kw
2026-01-01 00:00:00-06:00,l1,A,29.99585900232602,29.995859002326018,0.22493788932185574
2026-01-01 00:00:00-06:00,l1,B,23.36406703128396,23.36406703128396,0.1364699070605825
2026-01-01 00:00:00-06:00,l1,C,13.605218470170374,13.605218470170376,0.04627549240526628
2026-01-01 00:00:00-06:00,l2,A,10.29167241868541,12.864590523356762,0.031775556352058996
2026-01-01 00:00:00-06:00,l2,B,10.283522967549814,12.854403709437268,0.03172525338723736
2026-01-01 00:00:00-06:00,l2,C,0.556482954839352,0.6956036935491899,9.290198370802087e-05
2026-01-01 00:00:00-06:00,l3,A,6.619780595156312,13.239561190312624,0.017528598051203225
2026-01-01 01:00:00-06:00,l1,A,29.995859002326235,29.995859002326235,0.22493788932185896
2026-01-01 01:00:00-06:00,l1,B,23.36406703128412,23.364067031284115,0.13646990706058437
2026-01-01 01:00:00-06:00,l1,C,13.605218470170469,13.605218470170469,0.04627549240526692
2026-01-01 01:00:00-06:00,l2,A,10.291672418685481,12.864590523356853,0.031775556352059434
2026-01-01 01:00:00-06:00,l2,B,10.283522967549883,12.854403709437355,0.031725253387237785
2026-01-01 01:00:00-06:00,l2,C,0.556482954839352,0.6956036935491899,9.290198370802087e-05
2026-01-01 01:00:00-06:00,l3,A,6.619780595156359,13.239561190312719,0.017528598051203475
2026-01-01 02:00:00-06:00,l1,A,29.99585900233454,29.99585900233454,0.22493788932198353
2026-01-01 02:00:00-06:00,l1,B,23.364067031290556,23.364067031290556,0.1364699070606596
2026-01-01 02:00:00-06:00,l1,C,13.605218470174146,13.605218470174146,0.046275492405291926
2026-01-01 02:00:00-06:00,l2,A,10.291672418688233,12.864590523360292,0.03177555635207643
2026-01-01 02:00:00-06:00,l2,B,10.283522967552633,12.854403709440792,0.03172525338725475
2026-01-01 02:00:00-06:00,l2,C,0.5564829548393522,0.6956036935491902,9.290198370802094e-05
2026-01-01 02:00:00-06:00,l3,A,6.619780595158227,13.239561190316454,0.017528598051213366
2026-01-01 03:00:00-06:00,l1,A,29.995859002593118,29.99585900259312,0.22493788932586165
2026-01-01 03:00:00-06:00,l1,B,23.364067031490716,23.364067031490716,0.13646990706299786
2026-01-01 03:00:00-06:00,l1,C,13.605218470288552,13.605218470288554,0.04627549240607019
2026-01-01 03:00:00-06:00,l2,A,10.291672418773885,12.864590523467356,0.03177555635260533
2026-01-01 03:00:00-06:00,l2,B,10.283522967638142,12.854403709547677,0.03172525338778235
2026-01-01 03:00:00-06:00,l2,C,0.5564829548393596,0.6956036935491995,9.290198370802343e-05
2026-01-01 03:00:00-06:00,l3,A,6.619780595216356,13.239561190432712,0.017528598051521203
2026-01-01 04:00:00-06:00,l1,A,29.995859009025683,29.995859009025686,0.2249378894223368
2026-01-01 04:00:00-06:00,l1,B,23.364067036470264,23.364067036470264,0.13646990712116908
2026-01-01 04:00:00-06:00,l1,C,13.605218473134725,13.605218473134725,0.046275492425431594
2026-01-01 04:00:00-06:00,l2,A,10.29167242090463,12.864590526130788,0.03177555636576269
2026-01-01 04:00:00-06:00,l2,B,10.283522969765405,12.854403712206757,0.03172525340090781
2026-01-01 04:00:00-06:00,l2,C,0.5564829548395466,0.6956036935494332,9.290198370808585e-05
2026-01-01 04:00:00-06:00,l3,A,6.619780596662423,13.239561193324846,0.017528598059179324
2026-01-01 05:00:00-06:00,l1,A,29.995859136892314,29.995859136892314,0.22493789134007153
2026-01-01 05:00:00-06:00,l1,B,23.364067135453688,23.364067135453688,0.13646990827749678
2026-01-01 05:00:00-06:00,l1,C,13.60521852971093,13.60521852971093,0.04627549281029741
2026-01-01 05:00:00-06:00,l2,A,10.291672463259616,12.86459057907452,0.03177555662730487
2026-01-01 05:00:00-06:00,l2,B,10.283523012051166,12.854403765063958,0.031725253661815764
2026-01-01 05:00:00-06:00,l2,C,0.5564829548432603,0.6956036935540754,9.290198370932581e-05
2026-01-01 05:00:00-06:00,l3,A,6.619780625407376,13.239561250814752,0.01752859821140755
2026-01-01 06:00:00-06:00,l1,A,29.9958611665882,29.9958611665882,0.2249379217813085
2026-01-01 06:00:00-06:00,l1,B,23.36406870667091,23.36406870667091,0.13646992663250973
2026-01-01 06:00:00-06:00,l1,C,13.605219427775522,13.605219427775522,0.04627549891948012
2026-01-01 06:00:00-06:00,l2,A,10.291673135583107,12.864591419478884,0.03177556077890491
2026-01-01 06:00:00-06:00,l2,B,10.283523683275817,12.854404604094771,0.03172525780334839
2026-01-01 06:00:00-06:00,l2,C,0.5564829549022107,0.6956036936277633,9.290198372900874e-05
2026-01-01 06:00:00-06:00,l3,A,6.61978108169148,13.23956216338296,0.017528600627808172
2026-01-01 07:00:00-06:00,l1,A,31.48081821783166,31.48081821783166,0.24776047891604044
2026-01-01 07:00:00-06:00,l1,B,24.851874705081393,24.85187470508139,0.1544039190892661
2026-01-01 07:00:00-06:00,l1,C,15.084890221750808,15.084890221750806,0.05688847825056828
2026-01-01 07:00:00-06:00,l2,A,11.790801318204064,14.738501647755081,0.04170689871760881
2026-01-01 07:00:00-06:00,l2,B,11.781456405184471,14.726820506480589,0.04164081450817866
2026-01-01 07:00:00-06:00,l2,C,2.087545443870791,2.609431804838489,0.0013073537940677096
2026-01-01 07:00:00-06:00,l3,A,6.62085932041207,13.24171864082414,0.01753431125627495
2026-01-01 08:00:00-06:00,l1,A,32.9724393761349,32.9724393761349,0.2717954396032228
2026-01-01 08:00:00-06:00,l1,B,26.347023532551415,26.347023532551415,0.1735414122562045
2026-01-01 08:00:00-06:00,l1,C,16.575517493055695,16.575517493055695,0.06868694504064883
2026-01-01 08:00:00-06:00,l2,A,13.30032036892094,16.625400461151173,0.053069556574779964
2026-01-01 08:00:00-06:00,l2,B,13.289769514488913,16.612211893111144,0.05298539212447167
2026-01-01 08:00:00-06:00,l2,C,3.6196870188131207,4.524608773516401,0.003930640234249265
2026-01-01 08:00:00-06:00,l3,A,6.621991489665146,13.243982979330292,0.017540308515679053
2026-01-01 09:00:00-06:00,l1,A,31.70398308793678,31.70398308793678,0.2512856359100454
2026-01-01 09:00:00-06:00,l1,B,25.075003213436137,25.07500321343614,0.15718894653845814
2026-01-01 09:00:00-06:00,l1,C,15.306391301769997,15.306391301769997,0.05857140367072505
2026-01-01 09:00:00-06:00,l2,A,12.01489755584707,15.018621944808837,0.04330732898324997
2026-01-01 09:00:00-06:00,l2,B,12.005373001456515,15.006716251820643,0.0432386942712303
2026-01-01 09:00:00-06:00,l2,C,2.3147329537461436,2.8934161921826798,0.001607396594147504
2026-01-01 09:00:00-06:00,l3,A,6.621545892265588,13.243091784531176,0.01753794800135171
2026-01-01 10:00:00-06:00,l1,A,31.496488298791007,31.49648829879101,0.2480071937889697
2026-01-01 10:00:00-06:00,l1,B,24.864004628167837,24.864004628167837,0.1545546815373879
2026-01-01 10:00:00-06:00,l1,C,15.091818786454196,15.091818786454196,0.05694074857079295
2026-01-01 10:00:00-06:00,l2,A,11.795991144781249,14.744988930976561,0.04174362212632729
2026-01-01 10:00:00-06:00,l2,B,11.78663710297281,14.73329637871601,0.04167744425915258
2026-01-01 10:00:00-06:00,l2,C,2.087547152152745,2.6094339401909314,0.0013073559337383107
2026-01-01 10:00:00-06:00,l3,A,6.6243814898574245,13.248762979714849,0.017552972049266268
2026-01-01 11:00:00-06:00,l1,A,31.563903881315436,31.563903881315436,0.24907000705722993
2026-01-01 11:00:00-06:00,l1,B,24.916189668543627,24.916189668543623,0.15520412689971005
2026-01-01 11:00:00-06:00,l1,C,15.121626566558687,15.121626566558687,0.05716589750461337
2026-01-01 11:00:00-06:00,l2,A,11.818318822091955,14.772898527614945,0.04190179793418389
2026-01-01 11:00:00-06:00,l2,B,11.808925455607934,14.761156819509917,0.041835216124831515
2026-01-01 11:00:00-06:00,l2,C,2.0875545014704837,2.6094431268381046,0.001307365138982904
2026-01-01 11:00:00-06:00,l3,A,6.6395345286760765,13.279069057352153,0.01763336750299274
2026-01-01 12:00:00-06:00,l1,A,31.833164120950336,31.833164120950336,0.25333758448783994
2026-01-01 12:00:00-06:00,l1,B,25.12461648811745,25.12461648811745,0.1578115884187458
2026-01-01 12:00:00-06:00,l1,C,15.240676902423887,15.240676902423889,0.05806955811101924
2026-01-01 12:00:00-06:00,l2,A,11.90749772732133,14.884372159151662,0.04253655063784879
2026-01-01 12:00:00-06:00,l2,B,11.89794647215059,14.872433090188238,0.042468339076248196
2026-01-01 12:00:00-06:00,l2,C,2.0875838544752687,2.609479818094086,0.001307401904839746
2026-01-01 12:00:00-06:00,l3,A,6.700056555171631,13.400113110343263,0.01795630313699934
2026-01-01 13:00:00-06:00,l1,A,32.67715300807372,32.67715300807372,0.26694908217826524
2026-01-01 13:00:00-06:00,l1,B,25.77790292525517,25.77790292525517,0.16612506980596975
2026-01-01 13:00:00-06:00,l1,C,15.613805599714345,15.613805599714345,0.06094773132641776
2026-01-01 13:00:00-06:00,l2,A,12.187040512982488,15.23380064122811,0.044557186939522944
2026-01-01 13:00:00-06:00,l2,B,12.17698581090466,15.221232263630824,0.044483695031692014
2026-01-01 13:00:00-06:00,l2,C,2.0876758562077553,2.609594820259694,0.0013075171441778353
2026-01-01 13:00:00-06:00,l3,A,6.889763825678044,13.779527651356085,0.018987538229448698
2026-01-01 14:00:00-06:00,l1,A,34.73384036292958,34.73384036292958,0.3016099165893689
2026-01-01 14:00:00-06:00,l1,B,27.369734840478646,27.369734840478646,0.18727559630952767
2026-01-01 14:00:00-06:00,l1,C,16.5228672852122,16.5228672852122,0.0682512858311839
2026-01-01 14:00:00-06:00,l2,A,12.86833365566919,16.085417069586487,0.049678203322088506
2026-01-01 14:00:00-06:00,l2,B,12.856997781839018,16.071247227298773,0.04959071758866403
2026-01-01 14:00:00-06:00,l2,C,2.087900024001856,2.60987503000232,0.0013077979530680853
2026-01-01 14:00:00-06:00,l3,A,7.352072260832906,14.704144521665812,0.021621186611403474
2026-01-01 15:00:00-06:00,l1,A,38.56551126163902,38.56551126163902,0.37182466471790143
2026-01-01 15:00:00-06:00,l1,B,30.334831833219056,30.334831833219056,0.23005050558742005
2026-01-01 15:00:00-06:00,l1,C,18.215684673556854,18.215684673556854,0.08295279203161353
2026-01-01 15:00:00-06:00,l2,A,14.137901248006974,17.67237656000872,0.05996407550951915
2026-01-01 15:00:00-06:00,l2,B,14.123972547207291,17.654965684009113,0.05984598015427956
2026-01-01 15:00:00-06:00,l2,C,2.0883175511027963,2.6103969388784956,0.0013083210582731939
2026-01-01 15:00:00-06:00,l3,A,8.213436859336534,16.42687371867307,0.026984218016923193
2026-01-01 16:00:00-06:00,l1,A,47.78861602429583,47.78861602429583,0.570937955379396
2026-01-01 16:00:00-06:00,l1,B,38.37106457058214,38.37106457058214,0.36808464906994603
2026-01-01 16:00:00-06:00,l1,C,24.480359688916057,24.480359688916057,0.14982200262467657
2026-01-01 16:00:00-06:00,l2,A,19.879281624972236,24.849102031215295,0.11855575137748763
2026-01-01 16:00:00-06:00,l2,B,19.856782003181728,24.820977503977158,0.11828753745656452
2026-01-01 16:00:00-06:00,l2,C,6.133124367261503,7.666405459076879,0.011284564351289042
2026-01-01 16:00:00-06:00,l3,A,9.403011946333022,18.806023892666044,0.03536665346515261
2026-01-01 17:00:00-06:00,l1,A,52.69365251970478,52.69365251970478,0.6941552539668474
2026-01-01 17:00:00-06:00,l1,B,42.163987566283964,42.163987566283964,0.4444504618724372
2026-01-01 17:00:00-06:00,l1,C,26.63985925847572,26.63985925847572,0.17742052532784866
2026-01-01 17:00:00-06:00,l2,A,21.50522692150741,26.88153365188426,0.13874243548365814
2026-01-01 17:00:00-06:00,l2,B,21.47799432378126,26.847492904726572,0.138391272051714
2026-01-01 17:00:00-06:00,l2,C,6.134694915155077,7.668368643943846,0.011290344510608867
2026-01-01 17:00:00-06:00,l3,A,10.505644628791977,21.011289257583954,0.044147427626586286
2026-01-01 18:00:00-06:00,l1,A,54.72936758994052,54.72936758994052,0.748825919198708
2026-01-01 18:00:00-06:00,l1,B,43.73783738608695,43.73783738608695,0.47824960480294637
2026-01-01 18:00:00-06:00,l1,C,27.535694572616286,27.535694572616286,0.1895536188991025
2026-01-01 18:00:00-06:00,l2,A,22.18029454218311,27.72536817772889,0.14758963979339937
2026-01-01 18:00:00-06:00,l2,B,22.150966318651466,27.688707898314334,0.1471995926550095
2026-01-01 18:00:00-06:00,l2,C,6.135346505330803,7.669183131663504,0.01129274302214247
2026-01-01 18:00:00-06:00,l3,A,10.963286751954106,21.926573503908212,0.048077462562228966
2026-01-01 19:00:00-06:00,l1,A,52.69365251970478,52.69365251970478,0.6941552539668474
2026-01-01 19:00:00-06:00,l1,B,42.163987566283964,42.163987566283964,0.4444504618724372
2026-01-01 19:00:00-06:00,l1,C,26.63985925847572,26.63985925847572,0.17742052532784866
2026-01-01 19:00:00-06:00,l2,A,21.50522692150741,26.88153365188426,0.13874243548365814
2026-01-01 19:00:00-06:00,l2,B,21.47799432378126,26.847492904726572,0.138391272051714
2026-01-01 19:00:00-06:00,l2,C,6.134694915155077,7.668368643943846,0.011290344510608867
2026-01-01 19:00:00-06:00,l3,A,10.505644628791977,21.011289257583954,0.044147427626586286
2026-01-01 20:00:00-06:00,l1,A,47.78861602429583,47.78861602429583,0.570937955379396
2026-01-01 20:00:00-06:00,l1,B,38.37106457058214,38.37106457058214,0.36808464906994603
2026-01-01 20:00:00-06:00,l1,C,24.480359688916057,24.480359688916057,0.14982200262467657
2026-01-01 20:00:00-06:00,l2,A,19.879281624972236,24.849102031215295,0.11855575137748763
2026-01-01 20:00:00-06:00,l2,B,19.856782003181728,24.820977503977158,0.11828753745656452
2026-01-01 20:00:00-06:00,l2,C,6.133124367261503,7.666405459076879,0.011284564351289042
2026-01-01 20:00:00-06:00,l3,A,9.403011946333022,18.806023892666044,0.03536665346515261
2026-01-01 21:00:00-06:00,l1,A,37.88870437546172,37.88870437546172,0.35888847981278305
2026-01-01 21:00:00-06:00,l1,B,29.656953012256512,29.656953012256512,0.21988371549279764
2026-01-01 21:00:00-06:00,l1,C,17.54216573846495,17.54216573846495,0.07693189469894336
2026-01-01 21:00:00-06:00,l2,A,13.45482417338076,16.818530216725954,0.054309688060977385
2026-01-01 21:00:00-06:00,l2,B,13.441573862785248,16.80196732848156,0.05420277237261346
2026-01-01 21:00:00-06:00,l2,C,1.3919887827750528,1.739985978468816,0.0005812898314114719
2026-01-01 21:00:00-06:00,l3,A,8.212829447455379,16.425658894910757,0.02698022701319609
2026-01-01 22:00:00-06:00,l1,A,34.05759993144862,34.05759993144862,0.2899800282726523
2026-01-01 22:00:00-06:00,l1,B,26.692243224010532,26.692243224010532,0.17811896208243405
2026-01-01 22:00:00-06:00,l1,C,15.84908281504133,15.84908281504133,0.0627983565195096
2026-01-01 22:00:00-06:00,l2,A,12.18538560931918,15.231732011648976,0.044545086734340884
2026-01-01 22:00:00-06:00,l2,B,12.17465573327268,15.21831966659085,0.044466672667112794
2026-01-01 22:00:00-06:00,l2,C,1.3917105884974255,1.7396382356217817,0.0005810575086407551
2026-01-01 22:00:00-06:00,l3,A,7.351529745146528,14.703059490293056,0.021617995837509667
2026-01-01 23:00:00-06:00,l1,A,32.00119012134863,32.00119012134863,0.25601904229567524
2026-01-01 23:00:00-06:00,l1,B,25.10058962532249,25.100589625322485,0.15750989988471173
2026-01-01 23:00:00-06:00,l1,C,14.939833561622882,14.939833561622882,0.055799656712248354
2026-01-01 23:00:00-06:00,l2,A,11.504119889095467,14.380149861369333,0.039703432326804566
2026-01-01 23:00:00-06:00,l2,B,11.494632487438265,14.36829060929783,0.039637972806381365
2026-01-01 23:00:00-06:00,l2,C,1.3915612276226388,1.7394515345282986,0.0005809327950667876
2026-01-01 23:00:00-06:00,l3,A,6.8892560239060385,13.778512047812079,0.018984739425170257
