bus,phase,time,p_kw,q_kvar
n1,A,2026-01-01 00:00:00-06:00,-30.000000000000004,-9.000000000000002
n1,A,2026-01-01 01:00:00-06:00,-30.000000000000217,-9.000000000000066
n1,A,2026-01-01 02:00:00-06:00,-30.000000000008644,-9.000000000002593
n1,A,2026-01-01 03:00:00-06:00,-30.000000000270816,-9.000000000081245
n1,A,2026-01-01 04:00:00-06:00,-30.00000000679307,-9.00000000203792
n1,A,2026-01-01 05:00:00-06:00,-30.000000136442395,-9.00000004093272
n1,A,2026-01-01 06:00:00-06:00,-30.000002194435908,-9.000000658330771
n1,A,2026-01-01 07:00:00-06:00,-30.000028260938297,-9.000008478281488
n1,A,2026-01-01 08:00:00-06:00,-30.000291434101232,-9.00008743023037
n1,A,2026-01-01 09:00:00-06:00,-30.002406491179688,-9.000721947353908
n1,A,2026-01-01 10:00:00-06:00,-30.015911762783904,-9.004773528835171
n1,A,2026-01-01 11:00:00-06:00,-30.084244669744834,-9.025273400923451
n1,A,2026-01-01 12:00:00-06:00,-30.357154958330312,-9.107146487499095
n1,A,2026-01-01 13:00:00-06:00,-31.212442218431267,-9.36373266552938
n1,A,2026-01-01 14:00:00-06:00,-33.29575965041828,-9.988727895125486
n1,A,2026-01-01 15:00:00-06:00,-37.17364910284312,-11.152094730852937
n1,A,2026-01-01 16:00:00-06:00,-42.50301757438412,-12.750905272315235
n1,A,2026-01-01 17:00:00-06:00,-47.449366677880214,-14.234810003364062
n1,A,2026-01-01 18:00:00-06:00,-49.5,-14.85
n1,A,2026-01-01 19:00:00-06:00,-47.449366677880214,-14.234810003364062
n1,A,2026-01-01 20:00:00-06:00,-42.50301757438412,-12.750905272315235
n1,A,2026-01-01 21:00:00-06:00,-37.17364910284312,-11.152094730852937
n1,A,2026-01-01 22:00:00-06:00,-33.29575965041828,-9.988727895125486
n1,A,2026-01-01 23:00:00-06:00,-31.212442218431267,-9.36373266552938
n1,B,2026-01-01 00:00:00-06:00,-30.000000000000004,-9.000000000000002
n1,B,2026-01-01 01:00:00-06:00,-30.000000000000217,-9.000000000000066
n1,B,2026-01-01 02:00:00-06:00,-30.000000000008644,-9.000000000002593
n1,B,2026-01-01 03:00:00-06:00,-30.000000000270816,-9.000000000081245
n1,B,2026-01-01 04:00:00-06:00,-30.00000000679307,-9.00000000203792
n1,B,2026-01-01 05:00:00-06:00,-30.000000136442395,-9.00000004093272
n1,B,2026-01-01 06:00:00-06:00,-30.000002194435908,-9.000000658330771
n1,B,2026-01-01 07:00:00-06:00,-30.000028260938297,-9.000008478281488
n1,B,2026-01-01 08:00:00-06:00,-30.000291434101232,-9.00008743023037
n1,B,2026-01-01 09:00:00-06:00,-30.002406491179688,-9.000721947353908
n1,B,2026-01-01 10:00:00-06:00,-30.015911762783904,-9.004773528835171
n1,B,2026-01-01 11:00:00-06:00,-30.084244669744834,-9.025273400923451
n1,B,2026-01-01 12:00:00-06:00,-30.357154958330312,-9.107146487499095
n1,B,2026-01-01 13:00:00-06:00,-31.212442218431267,-9.36373266552938
n1,B,2026-01-01 14:00:00-06:00,-33.29575965041828,-9.988727895125486
n1,B,2026-01-01 15:00:00-06:00,-37.17364910284312,-11.152094730852937
n1,B,2026-01-01 16:00:00-06:00,-42.50301757438412,-12.750905272315235
n1,B,2026-01-01 17:00:00-06:00,-47.449366677880214,-14.234810003364062
n1,B,2026-01-01 18:00:00-06:00,-49.5,-14.85
n1,B,2026-01-01 19:00:00-06:00,-47.449366677880214,-14.234810003364062
n1,B,2026-01-01 20:00:00-06:00,-42.50301757438412,-12.750905272315235
n1,B,2026-01-01 21:00:00-06:00,-37.17364910284312,-11.152094730852937
n1,B,2026-01-01 22:00:00-06:00,-33.29575965041828,-9.988727895125486
n1,B,2026-01-01 23:00:00-06:00,-31.212442218431267,-9.36373266552938
n1,C,2026-01-01 00:00:00-06:00,-30.000000000000004,-9.000000000000002
n1,C,2026-01-01 01:00:00-06:00,-30.000000000000217,-9.000000000000066
n1,C,2026-01-01 02:00:00-06:00,-30.000000000008644,-9.000000000002593
n1,C,2026-01-01 03:00:00-06:00,-30.000000000270816,-9.000000000081245
n1,C,2026-01-01 04:00:00-06:00,-30.00000000679307,-9.00000000203792
n1,C,2026-01-01 05:00:00-06:00,-30.000000136442395,-9.00000004093272
n1,C,2026-01-01 06:00:00-06:00,-30.000002194435908,-9.000000658330771
n1,C,2026-01-01 07:00:00-06:00,-30.000028260938297,-9.000008478281488
n1,C,2026-01-01 08:00:00-06:00,-30.000291434101232,-9.00008743023037
n1,C,2026-01-01 09:00:00-06:00,-30.002406491179688,-9.000721947353908
n1,C,2026-01-01 10:00:00-06:00,-30.015911762783904,-9.004773528835171
n1,C,2026-01-01 11:00:00-06:00,-30.084244669744834,-9.025273400923451
n1,C,2026-01-01 12:00:00-06:00,-30.357154958330312,-9.107146487499095
n1,C,2026-01-01 13:00:00-06:00,-31.212442218431267,-9.36373266552938
n1,C,2026-01-01 14:00:00-06:00,-33.29575965041828,-9.988727895125486
n1,C,2026-01-01 15:00:00-06:00,-37.17364910284312,-11.152094730852937
n1,C,2026-01-01 16:00:00-06:00,-42.50301757438412,-12.750905272315235
n1,C,2026-01-01 17:00:00-06:00,-47.449366677880214,-14.234810003364062
n1,C,2026-01-01 18:00:00-06:00,-49.5,-14.85
n1,C,2026-01-01 19:00:00-06:00,-47.449366677880214,-14.234810003364062
n1,C,2026-01-01 20:00:00-06:00,-42.50301757438412,-12.750905272315235
n1,C,2026-01-01 21:00:00-06:00,-37.17364910284312,-11.152094730852937
n1,C,2026-01-01 22:00:00-06:00,-33.29575965041828,-9.988727895125486
n1,C,2026-01-01 23:00:00-06:00,-31.212442218431267,-9.36373266552938
n2,A,2026-01-01 00:00:00-06:00,-23.833333333333336,-6.000000000000002
n2,A,2026-01-01 01:00:00-06:00,-23.833333333333496,-6.000000000000044
n2,A,2026-01-01 02:00:00-06:00,-23.833333333339816,-6.000000000001729
n2,A,2026-01-01 03:00:00-06:00,-23.833333333536444,-6.000000000054163
n2,A,2026-01-01 04:00:00-06:00,-23.833333338428133,-6.000000001358613
n2,A,2026-01-01 05:00:00-06:00,-23.83333343566513,-6.000000027288479
n2,A,2026-01-01 06:00:00-06:00,-23.833334979160263,-6.000000438887181
n2,A,2026-01-01 07:00:00-06:00,-27.500021195703724,-6.000005652187659
n2,A,2026-01-01 08:00:00-06:00,-31.166885242242593,-6.000058286820247
n2,A,2026-01-01 09:00:00-06:00,-28.045664517507575,-6.000481298235938
n2,A,2026-01-01 10:00:00-06:00,-27.51193382208793,-6.003182352556781
n2,A,2026-01-01 11:00:00-06:00,-27.563183502308625,-6.0168489339489675
n2,A,2026-01-01 12:00:00-06:00,-27.767866218747734,-6.0714309916660625
n2,A,2026-01-01 13:00:00-06:00,-28.40933166382345,-6.242488443686254
n2,A,2026-01-01 14:00:00-06:00,-29.971819737813714,-6.659151930083658
n2,A,2026-01-01 15:00:00-06:00,-32.88023682713234,-7.434729820568625
n2,A,2026-01-01 16:00:00-06:00,-37.70556722348123,-8.500603514876824
n2,A,2026-01-01 17:00:00-06:00,-36.920358341743494,-9.489873335576043
n2,A,2026-01-01 18:00:00-06:00,-51.163362623973526,-9.899999999999999
n2,A,2026-01-01 19:00:00-06:00,-50.25369167507682,-9.489873335576043
n2,A,2026-01-01 20:00:00-06:00,-46.543929847454756,-8.500603514876824
n2,A,2026-01-01 21:00:00-06:00,-42.59082165572714,-7.434729820568625
n2,A,2026-01-01 22:00:00-06:00,-28.85772613728909,-6.659151930083658
n2,A,2026-01-01 23:00:00-06:00,-40.07599833049012,-6.242488443686254
n2,B,2026-01-01 00:00:00-06:00,-23.833333333333336,-6.000000000000002
n2,B,2026-01-01 01:00:00-06:00,-23.833333333333496,-6.000000000000044
n2,B,2026-01-01 02:00:00-06:00,-23.833333333339816,-6.000000000001729
n2,B,2026-01-01 03:00:00-06:00,-23.833333333536444,-6.000000000054163
n2,B,2026-01-01 04:00:00-06:00,-23.833333338428133,-6.000000001358613
n2,B,2026-01-01 05:00:00-06:00,-23.83333343566513,-6.000000027288479
n2,B,2026-01-01 06:00:00-06:00,-23.833334979160263,-6.000000438887181
n2,B,2026-01-01 07:00:00-06:00,-27.500021195703724,-6.000005652187659
n2,B,2026-01-01 08:00:00-06:00,-31.166885242242593,-6.000058286820247
n2,B,2026-01-01 09:00:00-06:00,-28.045664517507575,-6.000481298235938
n2,B,2026-01-01 10:00:00-06:00,-27.51193382208793,-6.003182352556781
n2,B,2026-01-01 11:00:00-06:00,-27.563183502308625,-6.0168489339489675
n2,B,2026-01-01 12:00:00-06:00,-27.767866218747734,-6.0714309916660625
n2,B,2026-01-01 13:00:00-06:00,-28.40933166382345,-6.242488443686254
n2,B,2026-01-01 14:00:00-06:00,-29.971819737813714,-6.659151930083658
n2,B,2026-01-01 15:00:00-06:00,-32.88023682713234,-7.434729820568625
n2,B,2026-01-01 16:00:00-06:00,-37.70556722348123,-8.500603514876824
n2,B,2026-01-01 17:00:00-06:00,-36.920358341743494,-9.489873335576043
n2,B,2026-01-01 18:00:00-06:00,-51.163362623973526,-9.899999999999999
n2,B,2026-01-01 19:00:00-06:00,-50.25369167507682,-9.489873335576043
n2,B,2026-01-01 20:00:00-06:00,-46.543929847454756,-8.500603514876824
n2,B,2026-01-01 21:00:00-06:00,-42.59082165572714,-7.434729820568625
n2,B,2026-01-01 22:00:00-06:00,-28.85772613728909,-6.659151930083658
n2,B,2026-01-01 23:00:00-06:00,-40.07599833049012,-6.242488443686254
n2,C,2026-01-01 00:00:00-06:00,-1.3333333333333333,0.0
n2,C,2026-01-01 01:00:00-06:00,-1.3333333333333333,0.0
n2,C,2026-01-01 02:00:00-06:00,-1.3333333333333333,0.0
n2,C,2026-01-01 03:00:00-06:00,-1.3333333333333333,0.0
n2,C,2026-01-01 04:00:00-06:00,-1.3333333333333333,0.0
n2,C,2026-01-01 05:00:00-06:00,-1.3333333333333333,0.0
n2,C,2026-01-01 06:00:00-06:00,-1.3333333333333333,0.0
n2,C,2026-01-01 07:00:00-06:00,-5.0,0.0
n2,C,2026-01-01 08:00:00-06:00,-8.666666666666666,0.0
n2,C,2026-01-01 09:00:00-06:00,-5.543859649122807,0.0
n2,C,2026-01-01 10:00:00-06:00,-5.0,0.0
n2,C,2026-01-01 11:00:00-06:00,-5.0,0.0
n2,C,2026-01-01 12:00:00-06:00,-5.0,0.0
n2,C,2026-01-01 13:00:00-06:00,-5.0,0.0
n2,C,2026-01-01 14:00:00-06:00,-5.0,0.0
n2,C,2026-01-01 15:00:00-06:00,-5.0,0.0
n2,C,2026-01-01 16:00:00-06:00,-5.8283040426931425,0.0
n2,C,2026-01-01 17:00:00-06:00,-1.3333333333333321,0.0
n2,C,2026-01-01 18:00:00-06:00,-14.038362623973523,0.0
n2,C,2026-01-01 19:00:00-06:00,-14.666666666666666,0.0
n2,C,2026-01-01 20:00:00-06:00,-14.666666666666666,0.0
n2,C,2026-01-01 21:00:00-06:00,-14.7105848285948,0.0
n2,C,2026-01-01 22:00:00-06:00,-3.8859063994753766,0.0
n2,C,2026-01-01 23:00:00-06:00,-16.666666666666668,0.0
n3,A,2026-01-01 00:00:00-06:00,-15.000000000000004,-5.000000000000001
n3,A,2026-01-01 01:00:00-06:00,-15.00000000000011,-5.000000000000036
n3,A,2026-01-01 02:00:00-06:00,-15.000000000004324,-5.000000000001441
n3,A,2026-01-01 03:00:00-06:00,-15.000000000135408,-5.000000000045136
n3,A,2026-01-01 04:00:00-06:00,-15.000000003396533,-5.000000001132178
n3,A,2026-01-01 05:00:00-06:00,-15.0000000682212,-5.0000000227404
n3,A,2026-01-01 06:00:00-06:00,-15.000001097217954,-5.000000365739318
n3,A,2026-01-01 07:00:00-06:00,-15.000014130469149,-5.000004710156382
n3,A,2026-01-01 08:00:00-06:00,-15.000145717050616,-5.000048572350205
n3,A,2026-01-01 09:00:00-06:00,-15.001203245589846,-5.000401081863282
n3,A,2026-01-01 10:00:00-06:00,-15.007955881391952,-5.002651960463984
n3,A,2026-01-01 11:00:00-06:00,-15.042122334872417,-5.014040778290806
n3,A,2026-01-01 12:00:00-06:00,-15.178577479165158,-5.059525826388386
n3,A,2026-01-01 13:00:00-06:00,-15.606221109215634,-5.2020737030718776
n3,A,2026-01-01 14:00:00-06:00,-16.64787982520914,-5.549293275069714
n3,A,2026-01-01 15:00:00-06:00,-18.58682455142156,-6.195608183807187
n3,A,2026-01-01 16:00:00-06:00,-21.25150878719206,-7.0838362623973525
n3,A,2026-01-01 17:00:00-06:00,-23.724683338940103,-7.908227779646701
n3,A,2026-01-01 18:00:00-06:00,-24.75,-8.25
n3,A,2026-01-01 19:00:00-06:00,-23.724683338940103,-7.908227779646701
n3,A,2026-01-01 20:00:00-06:00,-21.25150878719206,-7.0838362623973525
n3,A,2026-01-01 21:00:00-06:00,-18.58682455142156,-6.195608183807187
n3,A,2026-01-01 22:00:00-06:00,-16.64787982520914,-5.549293275069714
n3,A,2026-01-01 23:00:00-06:00,-15.606221109215634,-5.2020737030718776
