time,p_kw,q_kvar
2026-01-01 00:00:00-06:00,154.48880559856116,44.297961154869746
2026-01-01 01:00:00-06:00,154.48880559856224,44.29796115487008
2026-01-01 02:00:00-06:00,154.48880559860464,44.29796115488259
2026-01-01 03:00:00-06:00,154.48880559992386,44.29796115527221
2026-01-01 04:00:00-06:00,154.48880563274307,44.29796116496488
2026-01-01 05:00:00-06:00,154.48880628512327,44.29796135763604
2026-01-01 06:00:00-06:00,154.48881664070586,44.29796441600879
2026-01-01 07:00:00-06:00,165.5613835592222,44.3428688310111
2026-01-01 08:00:00-06:00,176.6430068648534,44.393128133599305
2026-01-01 09:00:00-06:00,167.21634875723473,44.35348727613465
2026-01-01 10:00:00-06:00,165.6413428321839,44.36649504883127
2026-01-01 11:00:00-06:00,165.9853411268854,44.46813997532372
2026-01-01 12:00:00-06:00,167.35926211742375,44.87412272803459
2026-01-01 13:00:00-06:00,171.66556891281022,46.14676119448881
2026-01-01 14:00:00-06:00,182.15813295629425,49.24862728739221
2026-01-01 15:00:00-06:00,201.70117607128645,55.029859515646
2026-01-01 16:00:00-06:00,231.0936803489937,63.00548867531731
2026-01-01 17:00:00-06:00,231.09976755248593,70.26176820601317
2026-01-01 18:00:00-06:00,268.1347009998318,73.49906397374262
2026-01-01 19:00:00-06:00,282.8954311101841,70.60189504920761
2026-01-01 20:00:00-06:00,273.9713825583949,63.296460291604454
2026-01-01 21:00:00-06:00,231.10519199900924,55.19906214069358
2026-01-01 22:00:00-06:00,200.96914569816175,49.343856340346456
2026-01-01 23:00:00-06:00,206.95702861320171,46.32815309181786
