time,bus,phase,v_pu
2026-01-01 00:00:00-06:00,source,A,1.0
2026-01-01 00:00:00-06:00,source,B,1.0
2026-01-01 00:00:00-06:00,source,C,1.0
2026-01-01 00:00:00-06:00,n1,A,0.9964757830594956
2026-01-01 00:00:00-06:00,n1,B,0.9972631581371616
2026-01-01 00:00:00-06:00,n1,C,0.9984030247164413
2026-01-01 00:00:00-06:00,n2,A,0.995018738590539
2026-01-01 00:00:00-06:00,n2,B,0.9958072676398478
2026-01-01 00:00:00-06:00,n2,C,0.998333463270112
2026-01-01 00:00:00-06:00,n3,A,0.995210998912051
2026-01-01 01:00:00-06:00,source,A,1.0
2026-01-01 01:00:00-06:00,source,B,1.0
2026-01-01 01:00:00-06:00,source,C,1.0
2026-01-01 01:00:00-06:00,n1,A,0.9964757830594956
2026-01-01 01:00:00-06:00,n1,B,0.9972631581371616
2026-01-01 01:00:00-06:00,n1,C,0.9984030247164413
2026-01-01 01:00:00-06:00,n2,A,0.995018738590539
2026-01-01 01:00:00-06:00,n2,B,0.9958072676398478
2026-01-01 01:00:00-06:00,n2,C,0.998333463270112
2026-01-01 01:00:00-06:00,n3,A,0.995210998912051
2026-01-01 02:00:00-06:00,source,A,1.0
2026-01-01 02:00:00-06:00,source,B,1.0
2026-01-01 02:00:00-06:00,source,C,1.0
2026-01-01 02:00:00-06:00,n1,A,0.9964757830594946
2026-01-01 02:00:00-06:00,n1,B,0.9972631581371608
2026-01-01 02:00:00-06:00,n1,C,0.9984030247164406
2026-01-01 02:00:00-06:00,n2,A,0.9950187385905377
2026-01-01 02:00:00-06:00,n2,B,0.9958072676398467
2026-01-01 02:00:00-06:00,n2,C,0.9983334632701114
2026-01-01 02:00:00-06:00,n3,A,0.9952109989120497
2026-01-01 03:00:00-06:00,source,A,1.0
2026-01-01 03:00:00-06:00,source,B,1.0
2026-01-01 03:00:00-06:00,source,C,1.0
2026-01-01 03:00:00-06:00,n1,A,0.9964757830594642
2026-01-01 03:00:00-06:00,n1,B,0.9972631581371373
2026-01-01 03:00:00-06:00,n1,C,0.9984030247164274
2026-01-01 03:00:00-06:00,n2,A,0.995018738590495
2026-01-01 03:00:00-06:00,n2,B,0.9958072676398111
2026-01-01 03:00:00-06:00,n2,C,0.9983334632700981
2026-01-01 03:00:00-06:00,n3,A,0.9952109989120079
2026-01-01 04:00:00-06:00,source,A,1.0
2026-01-01 04:00:00-06:00,source,B,1.0
2026-01-01 04:00:00-06:00,source,C,1.0
2026-01-01 04:00:00-06:00,n1,A,0.9964757830587071
2026-01-01 04:00:00-06:00,n1,B,0.997263158136553
2026-01-01 04:00:00-06:00,n1,C,0.9984030247160922
2026-01-01 04:00:00-06:00,n2,A,0.995018738589435
2026-01-01 04:00:00-06:00,n2,B,0.9958072676389241
2026-01-01 04:00:00-06:00,n2,C,0.9983334632697629
2026-01-01 04:00:00-06:00,n3,A,0.995210998910975
2026-01-01 05:00:00-06:00,source,A,1.0
2026-01-01 05:00:00-06:00,source,B,1.0
2026-01-01 05:00:00-06:00,source,C,1.0
2026-01-01 05:00:00-06:00,n1,A,0.9964757830436607
2026-01-01 05:00:00-06:00,n1,B,0.9972631581249355
2026-01-01 05:00:00-06:00,n1,C,0.9984030247094302
2026-01-01 05:00:00-06:00,n2,A,0.995018738568362
2026-01-01 05:00:00-06:00,n2,B,0.9958072676212898
2026-01-01 05:00:00-06:00,n2,C,0.9983334632631004
2026-01-01 05:00:00-06:00,n3,A,0.9952109988904361
2026-01-01 06:00:00-06:00,source,A,1.0
2026-01-01 06:00:00-06:00,source,B,1.0
2026-01-01 06:00:00-06:00,source,C,1.0
2026-01-01 06:00:00-06:00,n1,A,0.9964757828048191
2026-01-01 06:00:00-06:00,n1,B,0.997263157940526
2026-01-01 06:00:00-06:00,n1,C,0.9984030246036801
2026-01-01 06:00:00-06:00,n2,A,0.9950187382338576
2026-01-01 06:00:00-06:00,n2,B,0.9958072673413737
2026-01-01 06:00:00-06:00,n2,C,0.9983334631573432
2026-01-01 06:00:00-06:00,n3,A,0.9952109985644131
2026-01-01 07:00:00-06:00,source,A,1.0
2026-01-01 07:00:00-06:00,source,B,1.0
2026-01-01 07:00:00-06:00,source,C,1.0
2026-01-01 07:00:00-06:00,n1,A,0.9963147785230221
2026-01-01 07:00:00-06:00,n1,B,0.9971024274820579
2026-01-01 07:00:00-06:00,n1,C,0.9982432247606383
2026-01-01 07:00:00-06:00,n2,A,0.9946651434685007
2026-01-01 07:00:00-06:00,n2,B,0.9954541001924967
2026-01-01 07:00:00-06:00,n2,C,0.9979822664221154
2026-01-01 07:00:00-06:00,n3,A,0.9950497882577052
2026-01-01 08:00:00-06:00,source,A,1.0
2026-01-01 08:00:00-06:00,source,B,1.0
2026-01-01 08:00:00-06:00,source,C,1.0
2026-01-01 08:00:00-06:00,n1,A,0.9961535975956165
2026-01-01 08:00:00-06:00,n1,B,0.9969415272204025
2026-01-01 08:00:00-06:00,n1,C,0.9980832663395679
2026-01-01 08:00:00-06:00,n2,A,0.9943112069372023
2026-01-01 08:00:00-06:00,n2,B,0.9951005985660855
2026-01-01 08:00:00-06:00,n2,C,0.9976307598813275
2026-01-01 08:00:00-06:00,n3,A,0.9948883910009497
2026-01-01 09:00:00-06:00,source,A,1.0
2026-01-01 09:00:00-06:00,source,B,1.0
2026-01-01 09:00:00-06:00,source,C,1.0
2026-01-01 09:00:00-06:00,n1,A,0.996290609097501
2026-01-01 09:00:00-06:00,n1,B,0.9970783615451165
2026-01-01 09:00:00-06:00,n1,C,0.9982193878778374
2026-01-01 09:00:00-06:00,n2,A,0.9946122843721408
2026-01-01 09:00:00-06:00,n2,B,0.9954013676266856
2026-01-01 09:00:00-06:00,n2,C,0.997930027621306
2026-01-01 09:00:00-06:00,n3,A,0.9950254876488573
2026-01-01 10:00:00-06:00,source,A,1.0
2026-01-01 10:00:00-06:00,source,B,1.0
2026-01-01 10:00:00-06:00,source,C,1.0
2026-01-01 10:00:00-06:00,n1,A,0.9963129342195604
2026-01-01 10:00:00-06:00,n1,B,0.9971010034338019
2026-01-01 10:00:00-06:00,n1,C,0.9982424083051866
2026-01-01 10:00:00-06:00,n2,A,0.994662560045111
2026-01-01 10:00:00-06:00,n2,B,0.9954519383122677
2026-01-01 10:00:00-06:00,n2,C,0.9979814497530913
2026-01-01 10:00:00-06:00,n3,A,0.9950472709788343
2026-01-01 11:00:00-06:00,source,A,1.0
2026-01-01 11:00:00-06:00,source,B,1.0
2026-01-01 11:00:00-06:00,source,C,1.0
2026-01-01 11:00:00-06:00,n1,A,0.9963049996852609
2026-01-01 11:00:00-06:00,n1,B,0.9970948769319864
2026-01-01 11:00:00-06:00,n1,C,0.998238895791061
2026-01-01 11:00:00-06:00,n2,A,0.9946514456752392
2026-01-01 11:00:00-06:00,n2,B,0.9954426375231522
2026-01-01 11:00:00-06:00,n2,C,0.9979779363201408
2026-01-01 11:00:00-06:00,n3,A,0.9950364411767941
2026-01-01 12:00:00-06:00,source,A,1.0
2026-01-01 12:00:00-06:00,source,B,1.0
2026-01-01 12:00:00-06:00,source,C,1.0
2026-01-01 12:00:00-06:00,n1,A,0.9962733088690521
2026-01-01 12:00:00-06:00,n1,B,0.9970704077368022
2026-01-01 12:00:00-06:00,n1,C,0.998224867137728
2026-01-01 12:00:00-06:00,n2,A,0.9946070543991375
2026-01-01 12:00:00-06:00,n2,B,0.9954054901454591
2026-01-01 12:00:00-06:00,n2,C,0.9979639039970429
2026-01-01 12:00:00-06:00,n3,A,0.994993186505467
2026-01-01 13:00:00-06:00,source,A,1.0
2026-01-01 13:00:00-06:00,source,B,1.0
2026-01-01 13:00:00-06:00,source,C,1.0
2026-01-01 13:00:00-06:00,n1,A,0.9961739748115838
2026-01-01 13:00:00-06:00,n1,B,0.9969937125080268
2026-01-01 13:00:00-06:00,n1,C,0.9981808993948685
2026-01-01 13:00:00-06:00,n2,A,0.9944679102239398
2026-01-01 13:00:00-06:00,n2,B,0.9952890558439262
2026-01-01 13:00:00-06:00,n2,C,0.9979199247519629
2026-01-01 13:00:00-06:00,n3,A,0.99485760530615
2026-01-01 14:00:00-06:00,source,A,1.0
2026-01-01 14:00:00-06:00,source,B,1.0
2026-01-01 14:00:00-06:00,source,C,1.0
2026-01-01 14:00:00-06:00,n1,A,0.9959319103740621
2026-01-01 14:00:00-06:00,n1,B,0.9968068340638229
2026-01-01 14:00:00-06:00,n1,C,0.998073785552989
2026-01-01 14:00:00-06:00,n2,A,0.9941288282080141
2026-01-01 14:00:00-06:00,n2,B,0.9950053406846219
2026-01-01 14:00:00-06:00,n2,C,0.9978127828842257
2026-01-01 14:00:00-06:00,n3,A,0.9945272078233279
2026-01-01 15:00:00-06:00,source,A,1.0
2026-01-01 15:00:00-06:00,source,B,1.0
2026-01-01 15:00:00-06:00,source,C,1.0
2026-01-01 15:00:00-06:00,n1,A,0.9954809320724632
2026-01-01 15:00:00-06:00,n1,B,0.9964587384408977
2026-01-01 15:00:00-06:00,n1,C,0.9978743403737095
2026-01-01 15:00:00-06:00,n2,A,0.9934970808121107
2026-01-01 15:00:00-06:00,n2,B,0.9944768422452159
2026-01-01 15:00:00-06:00,n2,C,0.9976132855049601
2026-01-01 15:00:00-06:00,n3,A,0.9939116477845386
2026-01-01 16:00:00-06:00,source,A,1.0
2026-01-01 16:00:00-06:00,source,B,1.0
2026-01-01 16:00:00-06:00,source,C,1.0
2026-01-01 16:00:00-06:00,n1,A,0.994823746363481
2026-01-01 16:00:00-06:00,n1,B,0.9959433724152544
2026-01-01 16:00:00-06:00,n1,C,0.9975639398178887
2026-01-01 16:00:00-06:00,n2,A,0.9925474101108982
2026-01-01 16:00:00-06:00,n2,B,0.9936696077976499
2026-01-01 16:00:00-06:00,n2,C,0.9972595274985144
2026-01-01 16:00:00-06:00,n3,A,0.993027874148208
2026-01-01 17:00:00-06:00,source,A,1.0
2026-01-01 17:00:00-06:00,source,B,1.0
2026-01-01 17:00:00-06:00,source,C,1.0
2026-01-01 17:00:00-06:00,n1,A,0.9946109381769609
2026-01-01 17:00:00-06:00,n1,B,0.9958614876139936
2026-01-01 17:00:00-06:00,n1,C,0.9976691057922458
2026-01-01 17:00:00-06:00,n2,A,0.9925380642558586
2026-01-01 17:00:00-06:00,n2,B,0.9937912281267441
2026-01-01 17:00:00-06:00,n2,C,0.9977951933370326
2026-01-01 17:00:00-06:00,n3,A,0.992605202715657
2026-01-01 18:00:00-06:00,source,A,1.0
2026-01-01 18:00:00-06:00,source,B,1.0
2026-01-01 18:00:00-06:00,source,C,1.0
2026-01-01 18:00:00-06:00,n1,A,0.9939825815591781
2026-01-01 18:00:00-06:00,n1,B,0.9952889743929741
2026-01-01 18:00:00-06:00,n1,C,0.9971792003568986
2026-01-01 18:00:00-06:00,n2,A,0.9913492830690864
2026-01-01 18:00:00-06:00,n2,B,0.9926591520183572
2026-01-01 18:00:00-06:00,n2,C,0.9968454505413454
2026-01-01 18:00:00-06:00,n3,A,0.9918886465492788
2026-01-01 19:00:00-06:00,source,A,1.0
2026-01-01 19:00:00-06:00,source,B,1.0
2026-01-01 19:00:00-06:00,source,C,1.0
2026-01-01 19:00:00-06:00,n1,A,0.9938554950969258
2026-01-01 19:00:00-06:00,n1,B,0.9951080935471094
2026-01-01 19:00:00-06:00,n1,C,0.9969226359314246
2026-01-01 19:00:00-06:00,n2,A,0.9908806834349914
2026-01-01 19:00:00-06:00,n2,B,0.9921370509821563
2026-01-01 19:00:00-06:00,n2,C,0.9961556679883616
2026-01-01 19:00:00-06:00,n3,A,0.9918482286878703
2026-01-01 20:00:00-06:00,source,A,1.0
2026-01-01 20:00:00-06:00,source,B,1.0
2026-01-01 20:00:00-06:00,source,C,1.0
2026-01-01 20:00:00-06:00,n1,A,0.9941986307775321
2026-01-01 20:00:00-06:00,n1,B,0.9953197745790281
2026-01-01 20:00:00-06:00,n1,C,0.9969454838128263
2026-01-01 20:00:00-06:00,n2,A,0.9911757481455764
2026-01-01 20:00:00-06:00,n2,B,0.9923003199007743
2026-01-01 20:00:00-06:00,n2,C,0.995901121910004
2026-01-01 20:00:00-06:00,n3,A,0.9924016251690286
2026-01-01 21:00:00-06:00,source,A,1.0
2026-01-01 21:00:00-06:00,source,B,1.0
2026-01-01 21:00:00-06:00,source,C,1.0
2026-01-01 21:00:00-06:00,n1,A,0.9950527038482526
2026-01-01 21:00:00-06:00,n1,B,0.996031415954617
2026-01-01 21:00:00-06:00,n1,C,0.9974500926498655
2026-01-01 21:00:00-06:00,n2,A,0.9925571037813445
2026-01-01 21:00:00-06:00,n2,B,0.9935382816361401
2026-01-01 21:00:00-06:00,n2,C,0.9966812334733832
2026-01-01 21:00:00-06:00,n3,A,0.9934827420076997
2026-01-01 22:00:00-06:00,source,A,1.0
2026-01-01 22:00:00-06:00,source,B,1.0
2026-01-01 22:00:00-06:00,source,C,1.0
2026-01-01 22:00:00-06:00,n1,A,0.9956581571553704
2026-01-01 22:00:00-06:00,n1,B,0.9965335980357143
2026-01-01 22:00:00-06:00,n1,C,0.9978023079273922
2026-01-01 22:00:00-06:00,n2,A,0.9935277789256226
2026-01-01 22:00:00-06:00,n2,B,0.9944051000881938
2026-01-01 22:00:00-06:00,n2,C,0.9972162648793205
2026-01-01 22:00:00-06:00,n3,A,0.9942530672610438
2026-01-01 23:00:00-06:00,source,A,1.0
2026-01-01 23:00:00-06:00,source,B,1.0
2026-01-01 23:00:00-06:00,source,C,1.0
2026-01-01 23:00:00-06:00,n1,A,0.9956604774538956
2026-01-01 23:00:00-06:00,n1,B,0.9964811242874113
2026-01-01 23:00:00-06:00,n1,C,0.9976714054009309
2026-01-01 23:00:00-06:00,n2,A,0.9933404071703097
2026-01-01 23:00:00-06:00,n2,B,0.9941629745771956
2026-01-01 23:00:00-06:00,n2,C,0.9968003945758367
2026-01-01 23:00:00-06:00,n3,A,0.9943434271972879
